{
    "TableName": "Music",
    "KeySchema": [
        {
            "AttributeName": "artist",
            "KeyType": "HASH"
        },
        {
            "AttributeName": "trackTitle",
            "KeyType": "RANGE"
        }
    ],
    "AttributeDefinitions": [
        {
            "AttributeName": "artist",
            "AttributeType": "S"
        },
        {
            "AttributeName": "trackTitle",
            "AttributeType": "S"
        }
    ],
    "ProvisionedThroughput": {
        "ReadCapacityUnits": 1,
        "WriteCapacityUnits": 1
    }
}