{
    "TableName": "Music",
    "Item": {
        "artist": {
            "S": "Marisa Monte"
        },
        "trackTitle": {
            "S": "Amor I Love You"
        },
        "albumTitle": {
            "S": "Memorias, Cronicas e Declaracoes de Amor"
        },
        "year": {
            "N": "2000"
        },
        "lengthInSeconds": {
            "N": "191"
        },
        "genres": {
            "SS": [
                "MPB", "Pop Rock"
            ]
        },
        "available": {
            "BOOL": true
        }
    },
    "ReturnValues": "ALL_OLD",
    "ReturnConsumedCapacity": "INDEXES",
    "ReturnItemCollectionMetrics": "SIZE"
}
