{
    "TableName": "Music",
    "Item": {
        "artist": {
            "S": "Marisa Monte"
        },
        "trackTitle": {
            "S": "Gentileza"
        },
        "albumTitle": {
            "S": "Memorias, Cronicas e Declaracoes de Amor"
        },
        "lengthInSeconds": {
            "N": "169"
        },
        "genres": {
            "SS": [
                "MPB", "Pop Rock"
            ]
        }
    },
    "ReturnValues": "ALL_OLD",
    "ReturnConsumedCapacity": "INDEXES",
    "ReturnItemCollectionMetrics": "SIZE"
}
