<?xml version="1.0" encoding="UTF-8"?>
<!DOCTYPE configuration PUBLIC "-//mybatis.org//DTD Config 3.0//EN"
  "http://mybatis.org/dtd/mybatis-3-config.dtd">
<configuration>
	<properties resource="db.properties" />
	<settings>
		<setting name="cacheEnabled" value="true" />
		<setting name="lazyLoadingEnabled" value="true" />
		<setting name="autoMappingBehavior" value="PARTIAL" />
		<setting name="defaultStatementTimeout" value="5" />
	</settings>
	<typeAliases>
		<typeAlias type="com.fidelity.domain.Product" alias="Product" />
	</typeAliases>
	<environments default="development">
		<environment id="development">
			<transactionManager type="JDBC" />
			<dataSource type="POOLED">
				<property name="driver" value="${db.driver}" />
				<property name="url" value="${db.url}" />
				<property name="username" value="${db.username}" />
				<property name="password" value="${db.password}" />
				<property name="poolMaximumActiveConnections" value="10" />
				<property name="poolMaximumIdleConnections" value="5" />
				<property name="poolMaximumCheckoutTime" value="120000" />
			</dataSource>
		</environment>
	</environments>
	<mappers>
		<mapper resource="com/fidelity/integration/ProductMapper.xml" />
	</mappers>
</configuration>

