<?xml version="1.0" encoding="UTF-8"?>
<project xmlns="http://maven.apache.org/POM/4.0.0" xmlns:xsi="http://www.w3.org/2001/XMLSchema-instance" xsi:schemaLocation="http://maven.apache.org/POM/4.0.0 http://maven.apache.org/maven-v4_0_0.xsd">
  <modelVersion>4.0.0</modelVersion>
  <groupId>LambdaGreeter</groupId>
  <artifactId>LambdaGreeterSolution</artifactId>
  <name>LambdaGreeterSolution</name>
  <version>0.0.1-SNAPSHOT</version>
  <description>A simple Lambda function written in Java</description>
  <build>
    <plugins>
      <plugin>
        <artifactId>maven-shade-plugin</artifactId>
        <version>2.3</version>
      </plugin>
      <plugin>
        <artifactId>maven-compiler-plugin</artifactId>
        <version>3.8.1</version>
        <configuration>
          <source>1.8</source>
          <target>1.8</target>
        </configuration>
      </plugin>
    </plugins>
  </build>
  <properties>
    <maven.compiler.target>1.8</maven.compiler.target>
    <java.version>1.8</java.version>
    <maven.compiler.source>1.8</maven.compiler.source>
  </properties>
</project>

